ID,Category
0000.jpg,soccer_field
0001.jpg,city
0002.jpg,recreation_room
0003.jpg,naval_base
0004.jpg,city
0005.jpg,archive
0006.jpg,armory
0007.jpg,dining_hall
0008.jpg,canteen
0009.jpg,aquatic_theater
0010.jpg,badlands
0011.jpg,schoolhouse
0012.jpg,mansion
0013.jpg,palace
0014.jpg,windmill
0015.jpg,swamp
0016.jpg,sky
0017.jpg,repair_shop
0018.jpg,mine
0019.jpg,archive
0020.jpg,mountain
0021.jpg,closet
0022.jpg,gorge
0023.jpg,pharmacy
0024.jpg,videostore
0025.jpg,cafeteria
0026.jpg,butchers_shop
0027.jpg,piano_store
0028.jpg,assembly_line
0029.jpg,pharmacy
0030.jpg,videostore
0031.jpg,palace
0032.jpg,reading_room
0033.jpg,baseball_field
0034.jpg,bus_interior
0035.jpg,mountain_road
0036.jpg,kitchen
0037.jpg,valley
0038.jpg,shower
0039.jpg,airplane_cabin
0040.jpg,bamboo_forest
0041.jpg,courtroom
0042.jpg,office_building
0043.jpg,dining_car
0044.jpg,woodland
0045.jpg,courthouse
0046.jpg,trailer_park
0047.jpg,dining_car
0048.jpg,hallway
0049.jpg,dentists_office
0050.jpg,pharmacy
0051.jpg,shopfront
0052.jpg,armory
0053.jpg,shopfront
0054.jpg,rock_arch
0055.jpg,rainforest
0056.jpg,city
0057.jpg,windmill
0058.jpg,canteen
0059.jpg,ranch
0060.jpg,drugstore
0061.jpg,raceway
0062.jpg,manhole
0063.jpg,woodland
0064.jpg,corridor
0065.jpg,pharmacy
0066.jpg,bathroom
0067.jpg,windmill
0068.jpg,chemistry_lab
0069.jpg,lecture_room
0070.jpg,airfield
0071.jpg,chemistry_lab
0072.jpg,campsite
0073.jpg,sky
0074.jpg,lecture_room
0075.jpg,recreation_room
0076.jpg,dentists_office
0077.jpg,mansion
0078.jpg,bookstore
0079.jpg,videostore
0080.jpg,ballroom
0081.jpg,lecture_room
0082.jpg,mountain
0083.jpg,hayfield
0084.jpg,shopfront
0085.jpg,plaza
0086.jpg,bathroom
0087.jpg,armory
0088.jpg,sandbar
0089.jpg,water_mill
0090.jpg,street
0091.jpg,picnic_area
0092.jpg,dining_room
0093.jpg,hill
0094.jpg,lecture_room
0095.jpg,dining_hall
0096.jpg,cafeteria
0097.jpg,bamboo_forest
0098.jpg,baseball_field
0099.jpg,restaurant
0100.jpg,utility_room
0101.jpg,chemistry_lab
0102.jpg,football_field
0103.jpg,reading_room
0104.jpg,barn
0105.jpg,dining_car
0106.jpg,rainforest
0107.jpg,water_mill
0108.jpg,cliff
0109.jpg,bus_interior
0110.jpg,beach
0111.jpg,pet_shop
0112.jpg,assembly_line
0113.jpg,assembly_line
0114.jpg,videostore
0115.jpg,bathroom
0116.jpg,pharmacy
0117.jpg,city
0118.jpg,valley
0119.jpg,videostore
0120.jpg,rock_arch
0121.jpg,fort
0122.jpg,ice_shelf
0123.jpg,coffee_shop
0124.jpg,woodland
0125.jpg,office_cubicles
0126.jpg,swamp
0127.jpg,park
0128.jpg,motel
0129.jpg,newsroom
0130.jpg,utility_room
0131.jpg,fountain
0132.jpg,creek
0133.jpg,cemetery
0134.jpg,palace
0135.jpg,attic
0136.jpg,dining_car
0137.jpg,attic
0138.jpg,bar
0139.jpg,dining_car
0140.jpg,valley
0141.jpg,courtyard
0142.jpg,aquarium
0143.jpg,cottage_garden
0144.jpg,snowfield
0145.jpg,badlands
0146.jpg,pasture
0147.jpg,lawn
0148.jpg,airplane_cabin
0149.jpg,badlands
0150.jpg,sea_cliff
0151.jpg,ranch
0152.jpg,phone_booth
0153.jpg,freeway
0154.jpg,phone_booth
0155.jpg,golf_course
0156.jpg,crosswalk
0157.jpg,ocean
0158.jpg,cafeteria
0159.jpg,rainforest
0160.jpg,shower
0161.jpg,mansion
0162.jpg,palace
0163.jpg,videostore
0164.jpg,castle
0165.jpg,bathroom
0166.jpg,voting_booth
0167.jpg,restaurant
0168.jpg,lecture_room
0169.jpg,chemistry_lab
0170.jpg,gorge
0171.jpg,videostore
0172.jpg,mansion
0173.jpg,mountain
0174.jpg,recreation_room
0175.jpg,dining_car
0176.jpg,picnic_area
0177.jpg,utility_room
0178.jpg,dining_car
0179.jpg,shopfront
0180.jpg,badlands
0181.jpg,naval_base
0182.jpg,dorm_room
0183.jpg,plaza
0184.jpg,utility_room
0185.jpg,videostore
0186.jpg,dentists_office
0187.jpg,closet
0188.jpg,forest_road
0189.jpg,dam
0190.jpg,shopfront
0191.jpg,water_mill
0192.jpg,cottage_garden
0193.jpg,bathroom
0194.jpg,dorm_room
0195.jpg,armory
0196.jpg,winery
0197.jpg,ranch
0198.jpg,railway_yard
0199.jpg,picnic_area
0200.jpg,ranch_house
0201.jpg,cafeteria
0202.jpg,sky
0203.jpg,canteen
0204.jpg,park
0205.jpg,hospital
0206.jpg,coffee_shop
0207.jpg,piano_store
0208.jpg,sky
0209.jpg,palace
0210.jpg,utility_room
0211.jpg,chemistry_lab
0212.jpg,nightclub
0213.jpg,chemistry_lab
0214.jpg,fountain
0215.jpg,fire_station
0216.jpg,castle
0217.jpg,nightclub
0218.jpg,street
0219.jpg,sky
0220.jpg,castle
0221.jpg,shopfront
0222.jpg,mansion
0223.jpg,valley
0224.jpg,auditorium
0225.jpg,dorm_room
0226.jpg,newsroom
0227.jpg,cafeteria
0228.jpg,city
0229.jpg,badlands
0230.jpg,seawall
0231.jpg,golf_course
0232.jpg,archive
0233.jpg,nightclub
0234.jpg,food_court
0235.jpg,woodland
0236.jpg,chapel
0237.jpg,ice_shelf
0238.jpg,pasture
0239.jpg,baseball_field
0240.jpg,bayou
0241.jpg,office_building
0242.jpg,rainforest
0243.jpg,reading_room
0244.jpg,bedroom
0245.jpg,office_cubicles
0246.jpg,castle
0247.jpg,courtyard
0248.jpg,chemistry_lab
0249.jpg,ski_resort
0250.jpg,phone_booth
0251.jpg,bathroom
0252.jpg,farm
0253.jpg,bar
0254.jpg,city
0255.jpg,pasture
0256.jpg,nightclub
0257.jpg,castle
0258.jpg,campsite
0259.jpg,campsite
0260.jpg,motel
0261.jpg,cliff
0262.jpg,water_mill
0263.jpg,campsite
0264.jpg,freeway
0265.jpg,pagoda
0266.jpg,cheese_factory
0267.jpg,gas_station
0268.jpg,bedroom
0269.jpg,pasture
0270.jpg,reading_room
0271.jpg,badlands
0272.jpg,ranch
0273.jpg,pagoda
0274.jpg,coffee_shop
0275.jpg,badlands
0276.jpg,rainforest
0277.jpg,nightclub
0278.jpg,glacier
0279.jpg,aquatic_theater
0280.jpg,corridor
0281.jpg,nightclub
0282.jpg,sky
0283.jpg,windmill
0284.jpg,phone_booth
0285.jpg,hayfield
0286.jpg,pagoda
0287.jpg,bathroom
0288.jpg,gasworks
0289.jpg,dorm_room
0290.jpg,office_cubicles
0291.jpg,street
0292.jpg,raceway
0293.jpg,dining_hall
0294.jpg,archive
0295.jpg,chapel
0296.jpg,woodland
0297.jpg,pharmacy
0298.jpg,recreation_room
0299.jpg,nightclub
0300.jpg,swamp
0301.jpg,campsite
0302.jpg,badlands
0303.jpg,utility_room
0304.jpg,plaza
0305.jpg,snowfield
0306.jpg,tearoom
0307.jpg,sky
0308.jpg,aquatic_theater
0309.jpg,chemistry_lab
0310.jpg,manhole
0311.jpg,tower
0312.jpg,dining_car
0313.jpg,chemistry_lab
0314.jpg,vineyard
0315.jpg,videostore
0316.jpg,chemistry_lab
0317.jpg,dining_car
0318.jpg,picnic_area
0319.jpg,playground
0320.jpg,cottage
0321.jpg,lecture_room
0322.jpg,rainforest
0323.jpg,barn
0324.jpg,desert_road
0325.jpg,chemistry_lab
0326.jpg,shoe_shop
0327.jpg,bathroom
0328.jpg,woodland
0329.jpg,woodland
0330.jpg,campsite
0331.jpg,valley
0332.jpg,coast
0333.jpg,nightclub
0334.jpg,utility_room
0335.jpg,computer_room
0336.jpg,cafeteria
0337.jpg,bookstore
0338.jpg,armory
0339.jpg,ski_slope
0340.jpg,airplane_cabin
0341.jpg,barn
0342.jpg,piano_store
0343.jpg,hill
0344.jpg,pond
0345.jpg,cottage_garden
0346.jpg,dam
0347.jpg,armory
0348.jpg,fire_station
0349.jpg,videostore
0350.jpg,courtyard
0351.jpg,building_facade
0352.jpg,plaza
0353.jpg,hill
0354.jpg,campsite
0355.jpg,piano_store
0356.jpg,cafeteria
0357.jpg,dining_car
0358.jpg,videostore
0359.jpg,mansion
0360.jpg,castle
0361.jpg,reading_room
0362.jpg,courtyard
0363.jpg,mountain_road
0364.jpg,soccer_field
0365.jpg,archive
0366.jpg,dining_car
0367.jpg,dorm_room
0368.jpg,submarine_interior
0369.jpg,swamp
0370.jpg,hayfield
0371.jpg,piano_store
0372.jpg,fountain
0373.jpg,coffee_shop
0374.jpg,parking_lot
0375.jpg,rock_arch
0376.jpg,cafeteria
0377.jpg,plaza
0378.jpg,armory
0379.jpg,oasis
0380.jpg,football_field
0381.jpg,corridor
0382.jpg,campsite
0383.jpg,staircase
0384.jpg,videostore
0385.jpg,barn
0386.jpg,utility_room
0387.jpg,archive
0388.jpg,pharmacy
0389.jpg,shoe_shop
0390.jpg,pasture
0391.jpg,reading_room
0392.jpg,naval_base
0393.jpg,armory
0394.jpg,cafeteria
0395.jpg,pharmacy
0396.jpg,skyscraper
0397.jpg,courtyard
0398.jpg,shower
0399.jpg,lecture_room
0400.jpg,naval_base
0401.jpg,rainforest
0402.jpg,office_cubicles
0403.jpg,closet
0404.jpg,utility_room
0405.jpg,baseball_field
0406.jpg,bathroom
0407.jpg,bathroom
0408.jpg,archive
0409.jpg,armory
0410.jpg,barn
0411.jpg,cafeteria
0412.jpg,beach
0413.jpg,windmill
0414.jpg,piano_store
0415.jpg,badlands
0416.jpg,palace
0417.jpg,cottage
0418.jpg,shower
0419.jpg,raceway
0420.jpg,phone_booth
0421.jpg,hayfield
0422.jpg,auditorium
0423.jpg,pond
0424.jpg,picnic_area
0425.jpg,lecture_room
0426.jpg,ranch
0427.jpg,canteen
0428.jpg,dorm_room
0429.jpg,piano_store
0430.jpg,fountain
0431.jpg,hill
0432.jpg,woodland
0433.jpg,ski_slope
0434.jpg,glacier
0435.jpg,archive
0436.jpg,crosswalk
0437.jpg,city
0438.jpg,dorm_room
0439.jpg,utility_room
0440.jpg,dentists_office
0441.jpg,shoe_shop
0442.jpg,pasture
0443.jpg,ranch
0444.jpg,shopfront
0445.jpg,recreation_room
0446.jpg,pharmacy
0447.jpg,archive
0448.jpg,crosswalk
0449.jpg,bathroom
0450.jpg,bookstore
0451.jpg,bicycle_racks
0452.jpg,shopfront
0453.jpg,beach
0454.jpg,sky
0455.jpg,cafeteria
0456.jpg,mansion
0457.jpg,cafeteria
0458.jpg,bathroom
0459.jpg,cafeteria
0460.jpg,beach
0461.jpg,naval_base
0462.jpg,motel
0463.jpg,nightclub
0464.jpg,drugstore
0465.jpg,bathroom
0466.jpg,archive
0467.jpg,junk_pile
0468.jpg,armory
0469.jpg,tearoom
0470.jpg,recreation_room
0471.jpg,sky
0472.jpg,mountain_road
0473.jpg,art_school
0474.jpg,cafeteria
0475.jpg,rock_arch
0476.jpg,pond
0477.jpg,mine
0478.jpg,reading_room
0479.jpg,beach
0480.jpg,office_cubicles
0481.jpg,repair_shop
0482.jpg,aquatic_theater
0483.jpg,campsite
0484.jpg,picnic_area
0485.jpg,city
0486.jpg,dentists_office
0487.jpg,chemistry_lab
0488.jpg,woodland
0489.jpg,bamboo_forest
0490.jpg,bookstore
0491.jpg,videostore
0492.jpg,city
0493.jpg,badlands
0494.jpg,courtyard
0495.jpg,valley
0496.jpg,coast
0497.jpg,canteen
0498.jpg,pasture
0499.jpg,cafeteria
0500.jpg,hospital
0501.jpg,armory
0502.jpg,pond
0503.jpg,ballroom
0504.jpg,lawn
0505.jpg,amusement_park
0506.jpg,archive
0507.jpg,sawmill
0508.jpg,dam
0509.jpg,woodland
0510.jpg,freeway
0511.jpg,picnic_area
0512.jpg,bathroom
0513.jpg,ice_shelf
0514.jpg,pond
0515.jpg,clothing_store
0516.jpg,chemistry_lab
0517.jpg,ranch
0518.jpg,baseball_field
0519.jpg,yard
0520.jpg,shopfront
0521.jpg,ranch
0522.jpg,badlands
0523.jpg,construction_site
0524.jpg,sea_cliff
0525.jpg,bathroom
0526.jpg,dam
0527.jpg,bathroom
0528.jpg,pasture
0529.jpg,park
0530.jpg,bathroom
0531.jpg,reading_room
0532.jpg,pavilion
0533.jpg,bicycle_racks
0534.jpg,jewelry_shop
0535.jpg,office_cubicles
0536.jpg,ski_resort
0537.jpg,dam
0538.jpg,woodland
0539.jpg,lecture_room
0540.jpg,assembly_line
0541.jpg,skyscraper
0542.jpg,drugstore
0543.jpg,physics_laboratory
0544.jpg,baseball_field
0545.jpg,glacier
0546.jpg,coast
0547.jpg,beach
0548.jpg,campsite
0549.jpg,skyscraper
0550.jpg,cheese_factory
0551.jpg,dining_car
0552.jpg,cheese_factory
0553.jpg,hill
0554.jpg,train_railway
0555.jpg,bus_interior
0556.jpg,valley
0557.jpg,railway_yard
0558.jpg,rock_arch
0559.jpg,cafeteria
0560.jpg,street
0561.jpg,city
0562.jpg,castle
0563.jpg,bus_interior
0564.jpg,mine
0565.jpg,ranch
0566.jpg,shower
0567.jpg,office_building
0568.jpg,bathroom
0569.jpg,pasture
0570.jpg,chemistry_lab
0571.jpg,dining_hall
0572.jpg,sky
0573.jpg,tearoom
0574.jpg,utility_room
0575.jpg,archive
0576.jpg,badlands
0577.jpg,pagoda
0578.jpg,badlands
0579.jpg,freeway
0580.jpg,hospital
0581.jpg,drugstore
0582.jpg,dam
0583.jpg,farm
0584.jpg,cafeteria
0585.jpg,airfield
0586.jpg,chemistry_lab
0587.jpg,building_facade
0588.jpg,plaza
0589.jpg,campsite
0590.jpg,hill
0591.jpg,cafeteria
0592.jpg,street
0593.jpg,train_railway
0594.jpg,dining_car
0595.jpg,trailer_park
0596.jpg,naval_base
0597.jpg,butchers_shop
0598.jpg,woodland
0599.jpg,bamboo_forest
0600.jpg,ice_shelf
0601.jpg,pharmacy
0602.jpg,bathroom
0603.jpg,videostore
0604.jpg,lecture_room
0605.jpg,mountain
0606.jpg,chemistry_lab
0607.jpg,drugstore
0608.jpg,resort
0609.jpg,lab_classroom
0610.jpg,hill
0611.jpg,dining_car
0612.jpg,restaurant
0613.jpg,bus_interior
0614.jpg,cafeteria
0615.jpg,cafeteria
0616.jpg,barn
0617.jpg,archive
0618.jpg,restaurant
0619.jpg,skyscraper
0620.jpg,tearoom
0621.jpg,volcano
0622.jpg,ranch
0623.jpg,palace
0624.jpg,dining_hall
0625.jpg,badlands
0626.jpg,lecture_room
0627.jpg,chemistry_lab
0628.jpg,chemistry_lab
0629.jpg,pharmacy
0630.jpg,nightclub
0631.jpg,office_cubicles
0632.jpg,office_cubicles
0633.jpg,chemistry_lab
0634.jpg,downtown
0635.jpg,dining_car
0636.jpg,dentists_office
0637.jpg,sea_cliff
0638.jpg,ranch_house
0639.jpg,islet
0640.jpg,food_court
0641.jpg,rock_arch
0642.jpg,watering_hole
0643.jpg,bathroom
0644.jpg,bathroom
0645.jpg,shower
0646.jpg,pharmacy
0647.jpg,valley
0648.jpg,drugstore
0649.jpg,submarine_interior
0650.jpg,submarine_interior
0651.jpg,winery
0652.jpg,pharmacy
0653.jpg,dining_room
0654.jpg,badlands
0655.jpg,seawall
0656.jpg,canteen
0657.jpg,chemistry_lab
0658.jpg,badlands
0659.jpg,seawall
0660.jpg,glacier
0661.jpg,videostore
0662.jpg,voting_booth
0663.jpg,ice_shelf
0664.jpg,mountain
0665.jpg,playground
0666.jpg,bathroom
0667.jpg,computer_room
0668.jpg,campsite
0669.jpg,highway
0670.jpg,office_building
0671.jpg,dam
0672.jpg,reading_room
0673.jpg,woodland
0674.jpg,butchers_shop
0675.jpg,naval_base
0676.jpg,dining_car
0677.jpg,valley
0678.jpg,city
0679.jpg,beach
0680.jpg,skyscraper
0681.jpg,archive
0682.jpg,pasture
0683.jpg,pharmacy
0684.jpg,pharmacy
0685.jpg,courthouse
0686.jpg,sea_cliff
0687.jpg,physics_laboratory
0688.jpg,closet
0689.jpg,chemistry_lab
0690.jpg,bedroom
0691.jpg,ramp
0692.jpg,nightclub
0693.jpg,mountain
0694.jpg,office_cubicles
0695.jpg,flood
0696.jpg,cheese_factory
0697.jpg,closet
0698.jpg,desert_road
0699.jpg,coast
0700.jpg,dining_room
0701.jpg,pet_shop
0702.jpg,canyon
0703.jpg,dam
0704.jpg,pasture
0705.jpg,fountain
0706.jpg,trailer_park
0707.jpg,butchers_shop
0708.jpg,pavilion
0709.jpg,lecture_room
0710.jpg,amphitheater
0711.jpg,bathroom
0712.jpg,plaza
0713.jpg,city
0714.jpg,farm
0715.jpg,lecture_room
0716.jpg,snowfield
0717.jpg,television_studio
0718.jpg,bookstore
0719.jpg,creek
0720.jpg,ocean
0721.jpg,ice_shelf
0722.jpg,phone_booth
0723.jpg,desert_road
0724.jpg,cottage_garden
0725.jpg,valley
0726.jpg,dorm_room
0727.jpg,airplane_cabin
0728.jpg,staircase
0729.jpg,pasture
0730.jpg,pasture
0731.jpg,hospital
0732.jpg,utility_room
0733.jpg,nightclub
0734.jpg,chapel
0735.jpg,bookstore
0736.jpg,pharmacy
0737.jpg,skyscraper
0738.jpg,bayou
0739.jpg,train_railway
0740.jpg,canteen
0741.jpg,fence
0742.jpg,naval_base
0743.jpg,aquarium
0744.jpg,lecture_room
0745.jpg,ranch_house
0746.jpg,tower
0747.jpg,pagoda
0748.jpg,videostore
0749.jpg,airfield
0750.jpg,ranch
0751.jpg,rainforest
0752.jpg,badlands
0753.jpg,phone_booth
0754.jpg,pasture
0755.jpg,chemistry_lab
0756.jpg,piano_store
0757.jpg,aquarium
0758.jpg,freeway
0759.jpg,office_cubicles
0760.jpg,mountain
0761.jpg,ranch_house
0762.jpg,dentists_office
0763.jpg,cafeteria
0764.jpg,mine
0765.jpg,nightclub
0766.jpg,park
0767.jpg,naval_base
0768.jpg,roof
0769.jpg,bookstore
0770.jpg,parlor
0771.jpg,elevator_lobby
0772.jpg,corridor
0773.jpg,bus_interior
0774.jpg,fort
0775.jpg,chemistry_lab
0776.jpg,office_cubicles
0777.jpg,hayfield
0778.jpg,fence
0779.jpg,aquatic_theater
0780.jpg,naval_base
0781.jpg,water_tower
0782.jpg,ice_shelf
0783.jpg,office_cubicles
0784.jpg,bathroom
0785.jpg,freeway
0786.jpg,pharmacy
0787.jpg,ice_shelf
0788.jpg,shower
0789.jpg,cafeteria
0790.jpg,dentists_office
0791.jpg,street
0792.jpg,mountain
0793.jpg,lecture_room
0794.jpg,crosswalk
0795.jpg,snowfield
0796.jpg,canteen
0797.jpg,swamp
0798.jpg,coffee_shop
0799.jpg,valley
0800.jpg,pharmacy
0801.jpg,cafeteria
0802.jpg,hill
0803.jpg,courtyard
0804.jpg,water_tower
0805.jpg,corridor
0806.jpg,snowfield
0807.jpg,crosswalk
0808.jpg,hill
0809.jpg,courtroom
0810.jpg,valley
0811.jpg,cafeteria
0812.jpg,piano_store
0813.jpg,supermarket
0814.jpg,campsite
0815.jpg,cottage
0816.jpg,reading_room
0817.jpg,shopfront
0818.jpg,pasture
0819.jpg,village
0820.jpg,chemistry_lab
0821.jpg,beach
0822.jpg,bathroom
0823.jpg,dam
0824.jpg,naval_base
0825.jpg,sky
0826.jpg,bookstore
0827.jpg,dorm_room
0828.jpg,motel
0829.jpg,woodland
0830.jpg,village
0831.jpg,bathroom
0832.jpg,cheese_factory
0833.jpg,manhole
0834.jpg,pharmacy
0835.jpg,ocean
0836.jpg,windmill
0837.jpg,ice_shelf
0838.jpg,building_facade
0839.jpg,castle
0840.jpg,badlands
0841.jpg,hayfield
0842.jpg,recreation_room
0843.jpg,reading_room
0844.jpg,snowfield
0845.jpg,dining_room
0846.jpg,tea_garden
0847.jpg,park
0848.jpg,lecture_room
0849.jpg,chemistry_lab
0850.jpg,cafeteria
0851.jpg,chemistry_lab
0852.jpg,raceway
0853.jpg,water_tower
0854.jpg,sky
0855.jpg,aquarium
0856.jpg,park
0857.jpg,mansion
0858.jpg,auditorium
0859.jpg,palace
0860.jpg,city
0861.jpg,coast
0862.jpg,rainforest
0863.jpg,woodland
0864.jpg,chemistry_lab
0865.jpg,bus_interior
0866.jpg,videostore
0867.jpg,bus_interior
0868.jpg,creek
0869.jpg,bathroom
0870.jpg,beach
0871.jpg,barn
0872.jpg,pharmacy
0873.jpg,videostore
0874.jpg,dam
0875.jpg,pagoda
0876.jpg,archive
0877.jpg,badlands
0878.jpg,golf_course
0879.jpg,raceway
0880.jpg,pharmacy
0881.jpg,bayou
0882.jpg,nightclub
0883.jpg,tea_garden
0884.jpg,office_cubicles
0885.jpg,piano_store
0886.jpg,pet_shop
0887.jpg,mansion
0888.jpg,utility_room
0889.jpg,coffee_shop
0890.jpg,archive
0891.jpg,pharmacy
0892.jpg,freeway
0893.jpg,trailer_park
0894.jpg,cheese_factory
0895.jpg,baseball_field
0896.jpg,park
0897.jpg,bus_interior
0898.jpg,pavilion
0899.jpg,voting_booth
0900.jpg,corridor
0901.jpg,lecture_room
0902.jpg,pagoda
0903.jpg,computer_room
0904.jpg,supermarket
0905.jpg,hill
0906.jpg,pharmacy
0907.jpg,chemistry_lab
0908.jpg,recreation_room
0909.jpg,piano_store
0910.jpg,nightclub
0911.jpg,videostore
0912.jpg,corridor
0913.jpg,art_studio
0914.jpg,corridor
0915.jpg,baseball_field
0916.jpg,bathroom
0917.jpg,woodland
0918.jpg,corridor
0919.jpg,water_tower
0920.jpg,pasture
0921.jpg,bamboo_forest
0922.jpg,bathroom
0923.jpg,pharmacy
0924.jpg,tearoom
0925.jpg,volcano
0926.jpg,fishpond
0927.jpg,utility_room
0928.jpg,city
0929.jpg,soccer_field
0930.jpg,chemistry_lab
0931.jpg,castle
0932.jpg,rock_arch
0933.jpg,shower
0934.jpg,dam
0935.jpg,attic
0936.jpg,closet
0937.jpg,lecture_room
0938.jpg,city
0939.jpg,armory
0940.jpg,sawmill
0941.jpg,trailer_park
0942.jpg,bathroom
0943.jpg,amusement_park
0944.jpg,mountain_road
0945.jpg,nightclub
0946.jpg,rock_arch
0947.jpg,canteen
0948.jpg,computer_room
0949.jpg,airfield
0950.jpg,videostore
0951.jpg,dorm_room
0952.jpg,creek
0953.jpg,sky
0954.jpg,mountain
0955.jpg,football_field
0956.jpg,assembly_line
0957.jpg,chemistry_lab
0958.jpg,shopfront
0959.jpg,dining_car
0960.jpg,chemistry_lab
0961.jpg,sea_cliff
0962.jpg,woodland
0963.jpg,bicycle_racks
0964.jpg,corridor
0965.jpg,bicycle_racks
0966.jpg,galley
0967.jpg,chemistry_lab
0968.jpg,fence
0969.jpg,glacier
0970.jpg,woodland
0971.jpg,campsite
0972.jpg,pasture
0973.jpg,cafeteria
0974.jpg,ranch_house
0975.jpg,bus_interior
0976.jpg,dining_car
0977.jpg,corridor
0978.jpg,pavilion
0979.jpg,phone_booth
0980.jpg,lecture_room
0981.jpg,construction_site
0982.jpg,lecture_room
0983.jpg,piano_store
0984.jpg,dentists_office
0985.jpg,campsite
0986.jpg,aquarium
0987.jpg,drugstore
0988.jpg,dining_car
0989.jpg,chemistry_lab
0990.jpg,shopfront
0991.jpg,coffee_shop
0992.jpg,dam
0993.jpg,chemistry_lab
0994.jpg,dentists_office
0995.jpg,fountain
0996.jpg,utility_room
0997.jpg,fastfood_restaurant
0998.jpg,dorm_room
0999.jpg,pasture
